Method,Average Time (seconds),Number of Subreddits,Posts per Subreddit,Standard Deviation (seconds)
Baseline,29.107,5,10,19.417
MultiThreading,5.825,5,10,4.118
Forking,7.312,5,10,3.71
Baseline,64.275,10,10,52.125
MultiThreading,5.939,10,10,4.114
Forking,10.731,10,10,4.347
Baseline,8.523,5,10,15.239
MultiThreading,1.842,5,10,3.148
Forking,2.793,5,10,3.481
Baseline,0.196,1,1,0.025
MultiThreading,0.195,1,1,0.039
Forking,0.994,1,1,0.219
Baseline,0.26,1,2,0.043
MultiThreading,0.253,1,2,0.035
Forking,0.99,1,2,0.348
Baseline,0.284,1,3,0.048
MultiThreading,0.284,1,3,0.038
Forking,2.066,1,3,1.546
Baseline,0.303,1,4,0.048
MultiThreading,0.31,1,4,0.051
Forking,2.108,1,4,1.353
Baseline,0.181,1,5,0.104
MultiThreading,0.179,1,5,0.097
Forking,2.41,1,5,1.599
Baseline,0.399,1,6,0.171
MultiThreading,0.371,1,6,0.082
Forking,2.415,1,6,0.949
Baseline,2.645,1,7,3.846
MultiThreading,2.954,1,7,4.036
Forking,4.57,1,7,5.545
Baseline,4.065,1,8,4.117
MultiThreading,3.699,1,8,3.997
Forking,6.54,1,8,4.824
Baseline,0.316,1,9,0.164
MultiThreading,0.33,1,9,0.151
Forking,2.63,1,9,1.857
Baseline,0.117,1,10,0.025
MultiThreading,0.121,1,10,0.043
Forking,2.088,1,10,1.318
Baseline,53.249,10,10,39.971
MultiThreading,5.571,10,10,4.193
Forking,10.699,10,10,5.427
